,count,mean,std,min,25%,50%,75%,max,skewness
age,395.0,16.696202531645568,1.2760427246056283,15.0,16.0,17.0,18.0,22.0,0.46627016141836425
Medu,395.0,2.749367088607595,1.0947351414285367,0.0,2.0,3.0,4.0,4.0,-0.31838068845785517
Fedu,395.0,2.5215189873417723,1.088200545826944,0.0,2.0,2.0,3.0,4.0,-0.03167209443510635
traveltime,395.0,1.4481012658227848,0.6975047549086825,1.0,1.0,1.0,2.0,4.0,1.6070291037557645
studytime,395.0,2.0354430379746837,0.8392403464185556,1.0,1.0,2.0,2.0,4.0,0.6321422002561792
failures,395.0,0.3341772151898734,0.7436509736062507,0.0,0.0,0.0,0.0,3.0,2.38702572387036
famrel,395.0,3.9443037974683546,0.8966586076885047,1.0,4.0,4.0,5.0,5.0,-0.951881690060932
freetime,395.0,3.2354430379746835,0.9988620396657205,1.0,3.0,3.0,4.0,5.0,-0.16335075302040777
goout,395.0,3.108860759493671,1.1132781740183424,1.0,2.0,3.0,4.0,5.0,0.11650241685363202
Dalc,395.0,1.481012658227848,0.8907414280909669,1.0,1.0,1.0,2.0,5.0,2.190761845462348
Walc,395.0,2.2911392405063293,1.2878965924510932,1.0,1.0,2.0,3.0,5.0,0.6119599829215362
health,395.0,3.5544303797468353,1.3903033913095773,1.0,3.0,4.0,5.0,5.0,-0.49460356816790363
absences,395.0,5.708860759493671,8.00309568710818,0.0,0.0,4.0,8.0,75.0,3.6715789504758862
G1,395.0,10.90886075949367,3.319194671507669,3.0,8.0,11.0,13.0,19.0,0.24061324337096948
G2,395.0,10.713924050632912,3.7615046595560298,0.0,9.0,11.0,13.0,19.0,-0.4316453889925487
at_risk,395.0,0.3291139240506329,0.47048735363719635,0.0,0.0,0.0,1.0,1.0,0.730118350102496
